observation_date,NASDAQCOM
2025-05-12,18708.340
2025-05-13,19010.080
2025-05-14,19146.810
2025-05-15,19112.320
2025-05-16,19211.100
2025-05-19,19215.460
2025-05-20,19142.710
2025-05-21,18872.640
2025-05-22,18925.730
2025-05-23,18737.210
2025-05-26,
2025-05-27,19199.160
2025-05-28,19100.940
2025-05-29,19175.870
2025-05-30,19113.770
2025-06-02,19242.610
2025-06-03,19398.960
2025-06-04,19460.490
2025-06-05,19298.450
2025-06-06,19529.950
2025-06-09,19591.240
2025-06-10,19714.990
2025-06-11,19615.880
2025-06-12,19662.480
2025-06-13,19406.830
2025-06-16,19701.210
2025-06-17,19521.090
2025-06-18,19546.270
2025-06-19,
2025-06-20,19447.410
2025-06-23,19630.970
2025-06-24,19912.530
2025-06-25,19973.550
2025-06-26,20167.910
2025-06-27,20273.460
2025-06-30,20369.730
2025-07-01,20202.890
2025-07-02,20393.130
2025-07-03,20601.100
2025-07-04,
2025-07-07,20412.520
2025-07-08,20418.460
2025-07-09,20611.340
2025-07-10,20630.660
2025-07-11,20585.530
2025-07-14,20640.330
2025-07-15,20677.800
2025-07-16,20730.490
2025-07-17,20885.650
2025-07-18,20895.660
2025-07-21,20974.170
2025-07-22,20892.680
2025-07-23,21020.020
2025-07-24,21057.960
2025-07-25,21108.320
2025-07-28,21178.580
2025-07-29,21098.290
2025-07-30,21129.670
2025-07-31,21122.450
2025-08-01,20650.130
2025-08-04,21053.580
2025-08-05,20916.550
2025-08-06,21169.420
2025-08-07,21242.700
2025-08-08,21450.020
2025-08-11,21385.400
2025-08-12,21681.900
2025-08-13,21713.140
2025-08-14,21710.670
2025-08-15,21622.980
2025-08-18,21629.770
2025-08-19,21314.950
2025-08-20,21172.860
2025-08-21,21100.310
2025-08-22,21496.530
2025-08-25,21449.290
2025-08-26,21544.270
2025-08-27,21590.140
2025-08-28,21705.160
2025-08-29,21455.550
2025-09-01,
2025-09-02,21279.630
2025-09-03,21497.730
2025-09-04,21707.690
2025-09-05,21700.390
2025-09-08,21798.700
2025-09-09,21879.490
2025-09-10,21886.060
2025-09-11,22043.070
2025-09-12,22141.100
2025-09-15,22348.750
2025-09-16,22333.960
2025-09-17,22261.330
2025-09-18,22470.730
2025-09-19,22631.480
2025-09-22,22788.980
2025-09-23,22573.470
2025-09-24,22497.860
2025-09-25,22384.700
2025-09-26,22484.070
2025-09-29,22591.150
2025-09-30,22660.010
2025-10-01,22755.160
2025-10-02,22844.050
2025-10-03,22780.510
2025-10-06,22941.670
2025-10-07,22788.360
2025-10-08,23043.380
2025-10-09,23024.630
2025-10-10,22204.430
2025-10-13,22694.610
2025-10-14,22521.700
2025-10-15,22670.080
2025-10-16,22562.540
2025-10-17,22679.970
2025-10-20,22990.540
2025-10-21,22953.670
2025-10-22,22740.400
2025-10-23,22941.800
2025-10-24,23204.870
2025-10-27,23637.460
2025-10-28,23827.490
2025-10-29,23958.470
2025-10-30,23581.140
2025-10-31,23724.960
2025-11-03,23834.720
2025-11-04,23348.640
2025-11-05,23499.800
2025-11-06,23053.990
2025-11-07,23004.540
2025-11-10,23527.170
2025-11-11,23468.300
2025-11-12,23406.460
2025-11-13,22870.360
2025-11-14,22900.590
2025-11-17,22708.070
2025-11-18,22432.850
2025-11-19,22564.230
2025-11-20,22078.050
2025-11-21,22273.080
2025-11-24,22872.010
2025-11-25,23025.590
2025-11-26,23214.690
2025-11-27,
2025-11-28,23365.690
2025-12-01,23275.920
2025-12-02,23413.670
2025-12-03,23454.090
2025-12-04,23505.140
2025-12-05,23578.130
2025-12-08,23545.900
2025-12-09,23576.490
2025-12-10,23654.160
2025-12-11,23593.860
2025-12-12,23195.170
2025-12-15,23057.410
2025-12-16,23111.460
2025-12-17,22693.320
2025-12-18,23006.360
2025-12-19,23307.620
2025-12-22,23428.830
2025-12-23,23561.840
2025-12-24,23613.310
2025-12-25,
2025-12-26,23593.100
2025-12-29,23474.350
2025-12-30,23419.080
2025-12-31,23241.990
2026-01-01,
2026-01-02,23235.630
2026-01-05,23395.820
2026-01-06,23547.170
2026-01-07,23584.270
2026-01-08,23480.020
2026-01-09,23671.350
2026-01-12,23733.900
2026-01-13,23709.870
2026-01-14,23471.750
2026-01-15,23530.020
2026-01-16,23515.390
2026-01-19,
2026-01-20,22954.320
2026-01-21,23224.820
2026-01-22,23436.020
2026-01-23,23501.240
2026-01-26,23601.360
2026-01-27,23817.100
2026-01-28,23857.450
2026-01-29,23685.120
2026-01-30,23461.820
2026-02-02,23592.110
2026-02-03,23255.190
2026-02-04,22904.580
2026-02-05,22540.590
2026-02-06,23031.210
2026-02-09,23238.670
2026-02-10,23102.470
2026-02-11,23066.470
2026-02-12,22597.150
2026-02-13,22546.670
2026-02-16,
2026-02-17,22578.380
2026-02-18,22753.630
2026-02-19,22682.730
2026-02-20,22886.070
2026-02-23,22627.270
2026-02-24,22863.680
2026-02-25,23152.080
2026-02-26,22878.380
2026-02-27,22668.210
2026-03-02,22748.860
2026-03-03,22516.690
2026-03-04,22807.480
2026-03-05,22748.990
2026-03-06,22387.680
2026-03-09,22695.950
2026-03-10,22697.100
2026-03-11,22716.130
2026-03-12,22311.980
2026-03-13,22105.360
2026-03-16,22374.180
2026-03-17,22479.530
2026-03-18,22152.420
2026-03-19,22090.690
2026-03-20,21647.610
2026-03-23,21946.760
2026-03-24,21761.890
2026-03-25,21929.830
2026-03-26,21408.080
2026-03-27,20948.360
2026-03-30,20794.640
2026-03-31,21590.630
2026-04-01,21840.950
2026-04-02,21879.180
2026-04-03,
2026-04-06,21996.340
2026-04-07,22017.850
2026-04-08,22635.000
2026-04-09,22822.420
2026-04-10,22902.890
2026-04-13,23183.740
2026-04-14,23639.080
2026-04-15,24016.020
2026-04-16,24102.700
2026-04-17,24468.480
2026-04-20,24404.390
2026-04-21,24259.960
2026-04-22,24657.570
2026-04-23,24438.500
2026-04-24,24836.600
2026-04-27,24887.100
2026-04-28,24663.800
2026-04-29,24673.240
2026-04-30,24892.310
2026-05-01,25114.440
2026-05-04,25067.800
2026-05-05,25326.130
2026-05-06,25838.940
2026-05-07,25806.200
2026-05-08,26247.080
2026-05-11,26274.130
